date,Mkt-RF,SMB,HML,RF
20030102,3.14,-0.78,-0.38,0.00
20030103,-0.11,-0.46,0.16,0.00
20030106,2.13,-0.53,-0.41,0.00
20030107,-0.63,0.22,-0.12,0.00
20030108,-1.35,0.07,0.51,0.00
20030109,1.89,-0.10,-0.35,0.00
20030110,0.04,0.06,0.21,0.00
20030113,-0.12,0.12,0.16,0.00
20030114,0.55,0.12,-0.15,0.00
20030115,-1.32,0.64,0.56,0.00
20030116,-0.34,0.19,0.18,0.00
20030117,-1.41,-0.45,0.61,0.00
20030121,-1.53,0.59,-0.43,0.00
20030122,-0.94,0.40,-0.27,0.00
20030123,0.99,0.12,-0.75,0.00
20030124,-2.78,0.48,0.52,0.00
20030127,-1.65,0.23,-0.19,0.00
20030128,1.26,0.15,-0.43,0.00
20030129,0.63,-0.21,-0.01,0.00
20030130,-2.13,0.73,-0.53,0.00
20030131,1.28,-0.30,0.24,0.00
20030203,0.37,-0.68,-0.18,0.00
20030204,-1.34,1.14,-0.28,0.00
20030205,-0.49,0.19,-0.04,0.00
20030206,-0.64,0.01,0.14,0.00
20030207,-1.06,-0.43,-0.23,0.00
20030210,0.69,0.10,0.04,0.00
20030211,-0.71,0.30,-0.25,0.00
20030212,-1.25,0.15,0.08,0.00
20030213,-0.26,-0.01,-0.20,0.00
20030214,1.90,-0.85,-0.56,0.00
20030218,1.98,-0.41,-0.03,0.00
20030219,-0.70,-0.29,-0.04,0.00
20030220,-0.83,0.83,-0.12,0.00
20030221,1.31,-0.18,0.10,0.00
20030224,-1.78,0.43,-0.18,0.00
20030225,0.70,0.06,-0.18,0.00
20030226,-1.22,0.17,0.44,0.00
20030227,1.15,-0.28,-0.13,0.00
20030228,0.41,-0.75,0.25,0.00
20030303,-0.67,0.08,0.48,0.00
20030304,-1.44,0.98,-0.45,0.00
20030305,0.78,-0.90,0.08,0.00
20030306,-0.84,0.10,0.13,0.00
20030307,0.76,-0.72,-0.07,0.00
20030310,-2.36,0.88,-0.03,0.00
20030311,-0.81,0.92,-0.62,0.00
20030312,0.32,-0.28,-0.61,0.00
20030313,3.39,-0.87,-0.57,0.00
20030314,0.13,-0.52,0.20,0.00
20030317,3.41,-0.76,-0.14,0.00
20030318,0.44,0.60,-0.78,0.00
20030319,0.72,-0.41,-0.30,0.00
20030320,0.28,-0.01,0.52,0.00
20030321,2.19,-0.80,-0.11,0.00
20030324,-3.36,1.22,0.15,0.00
20030325,1.21,-0.10,-0.05,0.00
20030326,-0.55,-0.12,-0.38,0.00
20030327,-0.09,0.67,-0.06,0.00
20030328,-0.48,0.28,0.16,0.00
20030331,-1.66,0.77,0.32,0.00
20030401,1.12,-0.27,0.34,0.00
20030402,2.60,-0.35,-0.78,0.00
20030403,-0.49,0.45,-0.07,0.00
20030404,0.15,-0.78,0.45,0.00
20030407,0.18,0.42,0.60,0.00
20030408,-0.24,-0.33,0.18,0.00
20030409,-1.28,0.47,0.76,0.00
20030410,0.52,-0.27,-0.20,0.00
20030411,-0.32,0.04,-0.05,0.00
20030414,1.88,-0.40,-0.01,0.00
20030415,0.62,0.04,-0.34,0.00
20030416,-1.11,0.60,0.01,0.00
20030417,1.52,0.03,0.07,0.00
20030421,-0.11,0.41,0.02,0.00
20030422,2.07,-0.92,0.22,0.00
20030423,0.89,-0.25,0.35,0.00
20030424,-0.81,0.59,-0.24,0.00
20030425,-1.30,0.62,-0.08,0.00
20030428,1.76,0.00,-0.13,0.00
20030429,0.34,-0.23,-0.23,0.00
20030430,0.03,0.75,0.25,0.00
20030501,-0.03,0.40,-0.23,0.00
20030502,1.56,0.58,-0.38,0.00
20030505,-0.18,0.81,-0.30,0.00
20030506,0.80,-0.18,0.14,0.00
20030507,-0.46,-0.11,0.63,0.00
20030508,-0.99,0.51,0.06,0.00
20030509,1.39,0.09,-0.15,0.00
20030512,1.25,-0.10,-0.07,0.00
20030513,-0.23,0.43,0.36,0.00
20030514,-0.23,0.27,0.04,0.00
20030515,0.74,-0.17,0.00,0.00
20030516,-0.31,-1.68,1.08,0.00
20030519,-2.30,0.83,0.00,0.00
20030520,-0.12,0.15,-0.04,0.00
20030521,0.41,-0.27,0.33,0.00
20030522,0.96,-0.16,0.03,0.00
20030523,0.26,0.31,0.46,0.00
20030527,1.95,0.58,-1.13,0.00
20030528,0.22,0.73,-0.41,0.00
20030529,-0.26,1.00,0.20,0.00
20030530,1.53,0.24,0.08,0.00
20030602,0.39,-0.30,0.61,0.00
20030603,0.39,0.13,-0.52,0.00
20030604,1.56,0.13,0.12,0.00
20030605,0.55,0.91,-0.76,0.00
20030606,-0.33,-0.13,-0.37,0.00
20030609,-1.31,-0.24,0.01,0.00
20030610,0.95,0.45,0.01,0.00
20030611,1.29,-0.46,0.36,0.00
20030612,0.18,0.04,0.34,0.00
20030613,-1.02,-0.22,0.08,0.00
20030616,2.14,-0.35,-0.50,0.00
20030617,0.13,0.29,-0.33,0.00
20030618,-0.15,0.28,-0.16,0.00
20030619,-1.49,0.01,0.63,0.00
20030620,0.05,-0.18,0.07,0.00
20030623,-1.52,-0.63,0.14,0.00
20030624,0.20,0.08,0.23,0.00
20030625,-0.60,1.07,-0.04,0.00
20030626,1.11,0.40,-0.43,0.00
20030627,-0.84,0.55,0.25,0.00
20030630,-0.18,-0.13,0.36,0.00
20030701,0.73,-0.42,-0.05,0.00
20030702,1.28,1.07,0.10,0.00
20030703,-0.72,0.27,-0.10,0.00
20030707,1.91,-0.14,0.36,0.00
20030708,0.51,1.29,0.07,0.00
20030709,-0.34,0.99,0.38,0.00
20030710,-1.33,0.00,-0.31,0.00
20030711,0.92,0.07,-0.09,0.00
20030714,0.73,0.23,0.35,0.00
20030715,-0.41,0.00,-0.17,0.00
20030716,-0.64,0.20,-0.27,0.00
20030717,-1.45,-1.23,-0.51,0.00
20030718,1.08,-0.16,-0.10,0.00
20030721,-1.42,0.03,-0.43,0.00
20030722,0.96,0.31,0.45,0.00
20030723,0.18,0.65,-1.01,0.00
20030724,-0.65,0.23,0.43,0.00
20030725,1.51,-0.63,-0.32,0.00
20030728,-0.02,0.96,0.29,0.00
20030729,-0.57,0.54,-0.06,0.00
20030730,-0.18,0.26,-0.65,0.00
20030731,0.32,0.25,0.22,0.00
20030801,-1.06,-0.47,-0.13,0.00
20030804,0.11,-0.64,-0.32,0.00
20030805,-1.71,0.36,-0.02,0.00
20030806,0.02,-0.98,0.47,0.00
20030807,0.57,-0.49,-0.51,0.00
20030808,0.33,-0.47,0.13,0.00
20030811,0.43,0.70,0.01,0.00
20030812,1.09,0.47,0.10,0.00
20030813,-0.50,0.68,0.06,0.00
20030814,0.62,0.09,0.40,0.00
20030815,0.09,0.21,-0.17,0.00
20030818,1.03,0.86,0.07,0.00
20030819,0.43,0.96,0.64,0.00
20030820,-0.14,0.36,0.05,0.00
20030821,0.46,0.58,0.31,0.00
20030822,-1.07,-0.59,0.11,0.00
20030825,-0.04,-0.10,-0.31,0.00
20030826,0.29,0.20,0.11,0.00
20030827,0.17,0.81,0.08,0.00
20030828,0.70,0.23,0.24,0.00
20030829,0.53,-0.33,0.30,0.00
20030902,1.40,0.54,-0.05,0.00
20030903,0.43,0.28,0.28,0.00
20030904,0.22,0.46,-0.17,0.00
20030905,-0.61,-0.08,0.25,0.00
20030908,1.07,0.66,-0.15,0.00
20030909,-0.79,0.31,-0.27,0.00
20030910,-1.37,-0.54,-0.65,0.00
20030911,0.62,0.60,0.10,0.00
20030912,0.23,0.16,0.13,0.00
20030915,-0.35,0.24,-0.11,0.00
20030916,1.40,0.08,0.11,0.00
20030917,-0.26,0.19,0.17,0.00
20030918,1.25,-0.55,0.28,0.00
20030919,-0.23,0.48,0.01,0.00
20030922,-1.30,0.19,0.14,0.00
20030923,0.65,0.52,0.04,0.00
20030924,-1.88,-0.21,0.05,0.00
20030925,-0.81,-1.60,-0.26,0.00
20030926,-0.84,-1.26,0.04,0.00
20030929,0.99,0.47,0.10,0.00
20030930,-0.96,-0.02,0.11,0.00
20031001,2.16,0.38,0.15,0.00
20031002,0.31,0.13,0.09,0.00
20031003,1.02,0.68,0.02,0.00
20031006,0.49,0.37,0.38,0.00
20031007,0.51,0.31,0.17,0.00
20031008,-0.48,-0.29,0.19,0.00
20031009,0.55,0.28,0.40,0.00
20031010,-0.08,-0.43,0.45,0.00
20031013,0.81,0.79,0.15,0.00
20031014,0.44,0.47,0.17,0.00
20031015,-0.35,-0.31,-0.10,0.00
20031016,0.36,0.11,0.04,0.00
20031017,-1.11,-0.50,-0.01,0.00
20031020,0.41,-0.12,-0.17,0.00
20031021,0.25,0.65,-0.19,0.00
20031022,-1.51,-0.68,-0.04,0.00
20031023,0.22,-0.68,-0.29,0.00
20031024,-0.45,-0.32,-0.03,0.00
20031027,0.40,1.14,0.41,0.00
20031028,1.59,0.48,-0.15,0.00
20031029,0.28,0.81,0.23,0.00
20031030,-0.11,-0.16,0.32,0.00
20031031,0.28,-0.59,-0.11,0.00
20031103,0.93,0.67,0.47,0.00
20031104,-0.45,0.75,0.39,0.00
20031105,-0.04,0.20,-0.05,0.00
20031106,0.58,0.09,0.18,0.00
20031107,-0.33,0.33,0.32,0.00
20031110,-0.74,-0.98,-0.07,0.00
20031111,-0.21,-0.57,-0.16,0.00
20031112,1.33,1.04,-0.26,0.00
20031113,0.03,0.22,-0.29,0.00
20031114,-0.83,-0.61,-0.12,0.00
20031117,-0.72,-0.64,-0.19,0.00
20031118,-0.87,0.10,0.07,0.00
20031119,0.76,0.08,-0.06,0.00
20031120,-0.77,0.13,0.03,0.00
20031121,0.21,0.13,0.64,0.00
20031124,1.71,0.73,-0.01,0.00
20031125,0.31,0.26,0.52,0.00
20031126,0.40,-0.10,0.45,0.00
20031128,0.10,0.27,-0.17,0.00
20031201,1.11,0.39,-0.07,0.00
20031202,-0.27,0.12,0.13,0.00
20031203,-0.34,-1.14,0.26,0.00
20031204,0.26,-0.34,-0.32,0.00
20031205,-0.79,-0.05,-0.16,0.00
20031208,0.65,-0.15,0.22,0.00
20031209,-0.95,-0.58,-0.01,0.00
20031210,-0.29,-0.94,-0.21,0.00
20031211,1.34,1.23,0.19,0.00
20031212,0.31,0.53,0.28,0.00
20031215,-0.73,-1.33,0.04,0.00
20031216,0.50,-0.28,0.10,0.00
20031217,0.15,-0.01,-0.23,0.00
20031218,1.24,0.26,0.27,0.00
20031219,-0.04,-0.13,0.39,0.00
20031222,0.36,0.02,0.21,0.00
20031223,0.37,0.61,0.10,0.00
20031224,-0.18,-0.22,0.06,0.00
20031226,0.19,0.32,0.06,0.00
20031229,1.29,0.33,0.00,0.00
20031230,0.05,0.24,0.18,0.00
20031231,0.01,-1.38,0.01,0.00
20040102,-0.17,0.81,0.42,0.00
20040105,1.20,0.40,0.01,0.00
20040106,0.20,0.09,0.27,0.00
20040107,0.34,0.59,-0.08,0.00
20040108,0.45,0.30,0.72,0.00
20040109,-0.72,-0.02,0.29,0.00
20040112,0.57,0.91,0.13,0.00
20040113,-0.51,0.18,0.09,0.00
20040114,0.80,-0.07,0.44,0.00
20040115,0.15,0.04,-0.28,0.00
20040116,0.72,0.09,0.59,0.00
20040120,0.15,1.14,0.62,0.00
20040121,0.64,-1.08,0.31,0.00
20040122,-0.32,-0.57,-0.06,0.00
20040123,-0.14,0.89,-0.10,0.00
20040126,1.12,-0.11,-0.27,0.00
20040127,-0.96,-0.03,0.00,0.00
20040128,-1.44,-0.32,-0.40,0.00
20040129,0.25,-0.99,-0.77,0.00
20040130,-0.15,0.21,0.42,0.00
20040202,0.27,-0.35,-0.16,0.00
20040203,0.00,-0.14,-0.03,0.00
20040204,-0.97,-1.52,-0.62,0.00
20040205,0.23,0.51,0.23,0.00
20040206,1.39,1.03,0.42,0.00
20040209,-0.10,0.34,0.28,0.00
20040210,0.56,0.53,0.20,0.00
20040211,1.04,-0.40,0.14,0.00
20040212,-0.46,-0.08,-0.15,0.00
20040213,-0.57,-0.71,-0.14,0.00
20040217,0.98,0.30,0.59,0.00
20040218,-0.40,-0.13,0.08,0.00
20040219,-0.54,-1.00,-0.15,0.00
20040220,-0.30,-0.11,-0.29,0.00
20040223,-0.51,-1.18,-0.18,0.00
20040224,-0.14,0.30,-0.18,0.00
20040225,0.54,0.51,0.20,0.00
20040226,0.29,0.45,0.44,0.00
20040227,0.11,0.18,0.30,0.00
20040301,1.02,0.49,0.27,0.00
20040302,-0.59,-0.10,0.13,0.00
20040303,0.14,-0.20,-0.12,0.00
20040304,0.43,0.78,0.26,0.00
20040305,0.24,-0.10,-0.22,0.00
20040308,-0.84,-0.36,0.17,0.00
20040309,-0.66,-0.42,-0.33,0.00
20040310,-1.50,-0.27,-0.39,0.00
20040311,-1.42,0.35,-0.14,0.00
20040312,1.34,0.98,0.23,0.00
20040315,-1.56,-1.05,-0.30,0.00
20040316,0.43,-0.65,-0.06,0.00
20040317,1.22,0.70,0.37,0.00
20040318,-0.20,-0.50,0.13,0.00
20040319,-1.00,0.32,0.27,0.00
20040322,-1.42,-0.64,-0.22,0.00
20040323,-0.09,0.37,0.01,0.00
20040324,-0.27,-0.08,-0.11,0.00
20040325,1.68,0.75,-0.18,0.00
20040326,0.00,0.31,0.36,0.00
20040329,1.34,0.58,-0.21,0.00
20040330,0.47,0.46,0.16,0.00
20040331,0.00,0.14,0.21,0.00
20040401,0.64,0.24,0.04,0.00
20040402,0.91,0.78,0.06,0.00
20040405,0.79,0.13,-0.41,0.00
20040406,-0.29,-0.74,0.18,0.00
20040407,-0.50,0.89,-0.12,0.00
20040408,-0.14,-0.32,0.14,0.00
20040412,0.50,0.21,-0.31,0.00
20040413,-1.49,-0.54,-0.38,0.00
20040414,-0.20,-0.29,-0.44,0.00
20040415,-0.05,-0.25,-0.40,0.00
20040416,0.45,-0.04,0.10,0.00
20040419,0.22,0.52,-0.30,0.00
20040420,-1.48,-0.24,-0.01,0.00
20040421,0.60,0.56,0.00,0.00
20040422,1.44,0.14,-0.10,0.00
20040423,-0.01,-0.26,-0.01,0.00
20040426,-0.33,0.03,-0.34,0.00
20040427,0.13,-0.04,-0.11,0.00
20040428,-1.46,-0.92,-0.08,0.00
20040429,-0.86,-0.77,-0.78,0.00
20040430,-0.66,-0.80,-0.04,0.00
20040503,0.85,0.03,-0.33,0.00
20040504,0.21,0.42,0.17,0.00
20040505,0.27,-0.10,-0.19,0.00
20040506,-0.80,-0.35,-0.20,0.00
20040507,-1.48,-0.67,-0.49,0.00
20040510,-1.29,-0.56,-0.46,0.00
20040511,0.95,0.84,0.24,0.00
20040512,0.12,-0.21,-0.06,0.00
20040513,-0.08,-0.26,0.01,0.00
20040514,-0.17,-0.61,-0.13,0.00
20040517,-1.13,-0.39,-0.29,0.00
20040518,0.76,0.39,0.24,0.00
20040519,-0.19,-0.03,0.51,0.00
20040520,0.02,-0.14,0.15,0.00
20040521,0.44,0.43,0.02,0.00
20040524,0.29,0.65,0.53,0.00
20040525,1.66,0.57,0.09,0.00
20040526,0.28,0.14,0.04,0.00
20040527,0.51,-0.26,-0.13,0.00
20040528,0.02,-0.05,0.13,0.00
20040601,0.14,0.67,-0.06,0.00
20040602,0.31,-0.24,-0.16,0.00
20040603,-0.90,-0.96,-0.04,0.00
20040604,0.57,0.38,0.11,0.00
20040607,1.57,0.16,0.36,0.00
20040608,0.08,-0.16,-0.08,0.00
20040609,-1.04,-0.48,-0.04,0.00
20040610,0.36,-0.29,0.38,0.00
20040614,-1.05,-0.56,-0.59,0.00
20040615,0.71,0.99,0.20,0.00
20040616,0.14,0.28,-0.11,0.00
20040617,-0.14,0.02,0.05,0.00
20040618,0.19,-0.21,0.20,0.00
20040621,-0.42,0.09,0.14,0.00
20040622,0.38,0.24,0.07,0.00
20040623,0.90,0.54,0.23,0.00
20040624,-0.23,-0.01,0.18,0.00
20040625,-0.23,1.22,0.12,0.00
20040628,-0.25,-0.05,-0.07,0.00
20040629,0.31,0.56,-0.06,0.00
20040630,0.47,0.07,0.35,0.00
20040701,-1.06,-0.53,0.53,0.00
20040702,-0.29,0.18,0.38,0.00
20040706,-0.93,-0.90,0.89,0.00
20040707,0.15,-0.33,0.21,0.00
20040708,-0.96,-0.96,0.24,0.00
20040709,0.31,0.17,-0.16,0.00
20040712,0.04,-0.48,0.36,0.00
20040713,0.09,0.02,0.18,0.00
20040714,-0.33,-0.36,0.40,0.00
20040715,-0.32,0.63,0.11,0.00
20040716,-0.57,-0.76,0.63,0.00
20040719,-0.12,-0.27,0.53,0.00
20040720,0.83,0.95,-0.73,0.00
20040721,-1.50,-1.22,0.68,0.00
20040722,0.15,-0.42,-0.57,0.00
20040723,-1.03,-0.40,0.63,0.00
20040726,-0.39,-0.70,0.14,0.00
20040727,1.10,1.04,-0.68,0.00
20040728,-0.09,-0.61,0.27,0.00
20040729,0.67,0.92,-0.45,0.00
20040730,0.14,0.21,-0.28,0.00
20040802,0.36,-0.46,0.21,0.01
20040803,-0.75,-0.89,0.75,0.01
20040804,-0.20,0.05,0.01,0.01
20040805,-1.63,-0.20,0.48,0.01
20040806,-1.59,-0.91,0.79,0.01
20040809,0.02,-0.35,0.01,0.01
20040810,1.39,0.77,-0.41,0.01
20040811,-0.29,-0.41,0.07,0.01
20040812,-1.18,-0.51,0.35,0.01
20040813,0.10,-0.03,0.14,0.01
20040816,1.40,0.38,-0.10,0.01
20040817,0.30,0.15,-0.51,0.01
20040818,1.34,0.77,-0.72,0.01
20040819,-0.38,-0.26,0.23,0.01
20040820,0.79,0.91,-0.27,0.01
20040823,-0.32,-0.33,-0.30,0.01
20040824,0.03,0.16,0.13,0.01
20040825,0.84,0.13,-0.47,0.01
20040826,-0.05,-0.49,0.36,0.01
20040827,0.33,0.52,-0.23,0.01
20040830,-0.86,-0.45,0.35,0.01
20040831,0.48,0.04,0.16,0.01
20040901,0.30,0.56,-0.38,0.01
20040902,1.09,0.28,-0.27,0.01
20040903,-0.45,-0.25,0.39,0.01
20040907,0.73,0.33,-0.02,0.01
20040908,-0.48,-0.34,0.04,0.01
20040909,0.34,1.21,-0.27,0.01
20040910,0.53,0.18,-0.55,0.01
20040913,0.30,0.46,-0.47,0.01
20040914,0.19,-0.47,-0.11,0.01
20040915,-0.67,0.15,0.37,0.01
20040916,0.36,0.47,0.26,0.01
20040917,0.35,-0.53,0.03,0.01
20040920,-0.51,0.18,0.08,0.01
20040921,0.66,0.36,-0.07,0.01
20040922,-1.37,-0.47,0.45,0.01
20040923,-0.37,0.37,0.00,0.01
20040924,0.14,-0.23,0.35,0.01
20040927,-0.71,-0.65,0.38,0.01
20040928,0.63,0.60,-0.24,0.01
20040929,0.50,0.67,-0.63,0.01
20040930,0.06,0.09,0.59,0.01
20041001,1.48,0.56,-0.09,0.01
20041004,0.39,0.35,-0.32,0.01
20041005,-0.11,-0.17,0.09,0.01
20041006,0.69,0.11,0.12,0.01
20041007,-1.05,-0.61,0.36,0.01
20041008,-0.80,-0.51,0.61,0.01
20041011,0.23,0.21,-0.43,0.01
20041012,-0.23,-0.05,0.28,0.01
20041013,-0.75,-0.37,-0.30,0.01
20041014,-0.92,0.12,-0.32,0.01
20041015,0.45,0.27,0.00,0.01
20041018,0.51,0.05,-0.76,0.01
20041019,-0.92,0.18,-0.45,0.01
20041020,0.11,0.47,-0.04,0.01
20041021,0.37,0.69,0.07,0.01
20041022,-1.00,-0.65,0.66,0.01
20041025,-0.03,0.61,0.53,0.01
20041026,1.36,-0.67,0.68,0.01
20041027,1.38,0.41,-1.11,0.01
20041028,0.13,-0.30,-0.09,0.01
20041029,0.18,-0.55,0.24,0.01
20041101,0.06,0.41,-0.06,0.01
20041102,-0.01,-0.16,-0.01,0.01
20041103,1.17,0.46,-0.05,0.01
20041104,1.51,-0.67,0.25,0.01
20041105,0.44,0.22,-0.39,0.01
20041108,-0.13,-0.26,0.03,0.01
20041109,0.05,0.70,-0.07,0.01
20041110,-0.01,0.46,0.31,0.01
20041111,0.90,0.13,-0.23,0.01
20041112,0.85,0.03,-0.16,0.01
20041115,0.07,0.32,-0.26,0.01
20041116,-0.66,-0.20,0.29,0.01
20041117,0.63,0.33,-0.13,0.01
20041118,0.06,-0.17,0.07,0.01
20041119,-1.12,-0.20,0.74,0.01
20041122,0.61,0.42,0.46,0.01
20041123,0.06,0.26,0.35,0.01
20041124,0.47,0.29,0.13,0.01
20041126,0.12,0.16,0.19,0.01
20041129,-0.21,0.86,-0.16,0.01
20041130,-0.37,0.15,0.17,0.01
20041201,1.48,0.05,-0.77,0.01
20041202,-0.07,0.14,-0.63,0.01
20041203,0.04,-0.19,0.09,0.01
20041206,-0.13,-0.40,0.03,0.01
20041207,-1.16,-0.92,0.37,0.01
20041208,0.46,0.42,-0.43,0.01
20041209,0.44,-0.79,0.16,0.01
20041210,-0.01,0.46,0.15,0.01
20041213,0.86,-0.02,-0.12,0.01
20041214,0.45,0.50,-0.16,0.01
20041215,0.33,0.33,0.46,0.01
20041216,-0.29,-0.46,0.28,0.01
20041217,-0.56,0.50,0.40,0.01
20041220,-0.12,-0.61,0.33,0.01
20041221,0.92,0.27,-0.05,0.01
20041222,0.39,0.07,-0.16,0.01
20041223,0.09,0.22,-0.22,0.01
20041227,-0.45,-0.22,0.00,0.01
20041228,0.83,0.74,-0.19,0.01
20041229,0.01,-0.08,0.03,0.01
20041230,0.04,-0.02,-0.01,0.01
20041231,-0.14,-0.01,0.20,0.01
20050103,-0.97,-0.60,-0.05,0.01
20050104,-1.30,-0.60,0.44,0.01
20050105,-0.51,-1.11,0.02,0.01
20050106,0.34,-0.16,0.13,0.01
20050107,-0.22,-0.80,-0.10,0.01
20050110,0.42,0.24,0.12,0.01
20050111,-0.68,-0.35,0.37,0.01
20050112,0.38,-0.04,-0.09,0.01
20050113,-0.77,0.09,0.39,0.01
20050114,0.66,0.52,0.04,0.01
20050118,0.97,0.20,-0.23,0.01
20050119,-0.97,-0.17,0.44,0.01
20050120,-0.77,-0.14,0.00,0.01
20050121,-0.56,0.32,0.15,0.01
20050124,-0.49,-0.79,0.61,0.01
20050125,0.34,0.18,-0.43,0.01
20050126,0.62,0.97,-0.16,0.01
20050127,0.08,0.10,0.13,0.01
20050128,-0.30,-0.28,0.17,0.01
20050131,0.97,0.77,0.14,0.01
20050201,0.69,-0.08,0.21,0.01
20050202,0.36,0.27,0.12,0.01
20050203,-0.27,-0.18,0.34,0.01
20050204,1.12,0.19,-0.46,0.01
20050207,-0.11,0.13,-0.07,0.01
20050208,0.08,0.25,-0.12,0.01
20050209,-1.00,-1.20,0.77,0.01
20050210,0.35,-0.36,0.09,0.01
20050211,0.77,0.42,-0.30,0.01
20050214,0.09,-0.03,0.14,0.01
20050215,0.28,-0.36,0.00,0.01
20050216,0.07,0.43,0.35,0.01
20050217,-0.79,-0.31,0.21,0.01
20050218,0.01,-0.08,-0.06,0.01
20050222,-1.47,-0.31,-0.12,0.01
20050223,0.53,-0.15,0.15,0.01
20050224,0.83,0.23,-0.25,0.01
20050225,0.97,0.38,0.35,0.01
20050228,-0.61,0.25,0.05,0.01
20050301,0.58,0.10,0.17,0.01
20050302,-0.01,-0.17,-0.02,0.01
20050303,-0.01,0.08,0.51,0.01
20050304,0.89,-0.07,0.24,0.01
20050307,0.27,-0.38,0.15,0.01
20050308,-0.54,-0.40,0.00,0.01
20050309,-0.96,0.06,-0.10,0.01
20050310,0.01,-0.84,-0.13,0.01
20050311,-0.55,0.55,0.41,0.01
20050314,0.61,-0.24,0.17,0.01
20050315,-0.67,0.17,0.34,0.01
20050316,-0.84,0.24,0.23,0.01
20050317,0.19,0.03,0.48,0.01
20050318,-0.14,-0.31,0.03,0.01
20050321,-0.38,0.35,-0.23,0.01
20050322,-0.92,0.69,-0.13,0.01
20050323,-0.12,-0.85,-0.52,0.01
20050324,0.01,0.49,-0.09,0.01
20050328,0.16,-0.21,0.00,0.01
20050329,-0.86,-0.82,0.14,0.01
20050330,1.35,0.16,-0.18,0.01
20050331,-0.01,-0.06,0.64,0.01
20050401,-0.64,0.00,0.42,0.01
20050404,0.29,0.00,0.16,0.01
20050405,0.40,-0.14,-0.29,0.01
20050406,0.22,-0.10,0.05,0.01
20050407,0.57,-0.01,-0.24,0.01
20050408,-0.88,-0.45,0.03,0.01
20050411,-0.09,-0.66,0.12,0.01
20050412,0.56,0.23,-0.05,0.01
20050413,-1.22,-0.30,-0.11,0.01
20050414,-1.10,-0.53,-0.14,0.01
20050415,-1.59,-0.14,-0.36,0.01
20050418,0.29,0.31,0.17,0.01
20050419,0.75,0.82,0.11,0.01
20050420,-1.35,-0.24,0.09,0.01
20050421,1.87,0.37,-0.60,0.01
20050422,-0.83,-0.87,0.46,0.01
20050425,0.93,0.07,0.04,0.01
20050426,-0.87,-0.49,-0.02,0.01
20050427,0.30,-0.52,-0.16,0.01
20050428,-1.20,-0.98,0.42,0.01
20050429,1.04,-0.41,-0.05,0.01
20050502,0.52,0.47,0.07,0.01
20050503,-0.04,0.03,-0.36,0.01
20050504,1.28,0.23,0.39,0.01
20050505,-0.19,0.30,-0.29,0.01
20050506,-0.03,0.33,0.11,0.01
20050509,0.61,0.32,0.05,0.01
20050510,-1.03,-0.15,0.05,0.01
20050511,0.39,-0.41,-0.09,0.01
20050512,-1.02,-0.17,-0.65,0.01
20050513,-0.50,-0.08,-0.62,0.01
20050516,1.03,0.52,-0.22,0.01
20050517,0.66,-0.25,0.31,0.01
20050518,1.15,0.97,-0.40,0.01
20050519,0.47,-0.08,-0.01,0.01
20050520,-0.13,-0.07,0.21,0.01
20050523,0.43,0.22,-0.01,0.01
20050524,0.05,-0.01,0.03,0.01
20050525,-0.44,-0.57,0.20,0.01
20050526,0.74,0.64,0.07,0.01
20050527,0.18,0.08,0.30,0.01
20050531,-0.49,0.45,0.32,0.01
20050601,0.90,0.17,0.06,0.01
20050602,0.24,0.14,-0.25,0.01
20050603,-0.67,-0.21,0.50,0.01
20050606,0.14,0.32,0.12,0.01
20050607,-0.03,0.16,0.06,0.01
20050608,-0.28,-0.38,0.31,0.01
20050609,0.59,0.32,0.00,0.01
20050610,-0.21,0.10,0.43,0.01
20050613,0.28,0.17,0.09,0.01
20050614,0.32,0.44,0.46,0.01
20050615,0.22,0.26,0.13,0.01
20050616,0.46,0.62,-0.30,0.01
20050617,0.36,-0.61,0.24,0.01
20050620,-0.07,-0.34,0.08,0.01
20050621,-0.18,0.11,-0.02,0.01
20050622,0.05,0.26,0.03,0.01
20050623,-1.07,-0.42,0.24,0.01
20050624,-0.72,-0.05,0.17,0.01
20050627,-0.07,-0.13,0.56,0.01
20050628,1.05,1.09,-0.51,0.01
20050629,-0.07,0.32,0.05,0.01
20050630,-0.63,0.21,0.25,0.01
20050701,0.32,0.11,0.34,0.01
20050705,0.92,0.56,-0.18,0.01
20050706,-0.73,0.07,0.08,0.01
20050707,0.26,-0.10,-0.22,0.01
20050708,1.20,0.80,-0.58,0.01
20050711,0.69,0.79,-0.16,0.01
20050712,0.20,-0.28,-0.03,0.01
20050713,0.01,-0.40,0.06,0.01
20050714,0.15,-0.66,-0.43,0.01
20050715,0.12,-0.04,0.00,0.01
20050718,-0.55,-0.16,0.10,0.01
20050719,0.75,0.89,-0.17,0.01
20050720,0.54,0.79,-0.36,0.01
20050721,-0.74,-0.64,0.17,0.01
20050722,0.57,0.91,0.48,0.01
20050725,-0.47,-0.51,0.15,0.01
20050726,0.21,0.27,0.23,0.01
20050727,0.42,-0.37,-0.07,0.01
20050728,0.67,0.54,-0.25,0.01
20050729,-0.66,0.24,0.12,0.01
20050801,0.15,0.28,-0.13,0.01
20050802,0.70,0.04,0.07,0.01
20050803,-0.02,-0.68,-0.02,0.01
20050804,-0.82,-0.84,0.40,0.01
20050805,-0.81,-0.31,-0.03,0.01
20050808,-0.32,-0.05,0.20,0.01
20050809,0.55,-0.46,-0.05,0.01
20050810,-0.13,-0.01,0.15,0.01
20050811,0.71,0.19,-0.08,0.01
20050812,-0.56,-0.40,0.12,0.01
20050815,0.31,0.48,-0.14,0.01
20050816,-1.22,-0.46,0.18,0.01
20050817,0.05,0.01,-0.07,0.01
20050818,-0.15,-0.42,0.10,0.01
20050819,0.07,0.07,0.17,0.01
20050822,0.19,0.49,0.15,0.01
20050823,-0.31,-0.01,-0.02,0.01
20050824,-0.56,0.45,0.16,0.01
20050825,0.21,0.13,0.20,0.01
20050826,-0.66,-0.58,-0.09,0.01
20050829,0.65,0.36,-0.23,0.01
20050830,-0.31,-0.01,0.35,0.01
20050831,1.12,0.70,-0.06,0.01
20050901,0.13,-0.05,0.26,0.01
20050902,-0.36,-0.30,0.01,0.01
20050906,1.22,0.30,-0.45,0.01
20050907,0.30,0.10,-0.16,0.01
20050908,-0.40,-0.11,-0.10,0.01
20050909,0.73,-0.11,0.12,0.01
20050912,0.00,0.52,-0.24,0.01
20050913,-0.76,-0.20,0.16,0.01
20050914,-0.44,-0.69,0.47,0.01
20050915,-0.02,-0.25,0.30,0.01
20050916,0.72,0.16,-0.07,0.01
20050919,-0.55,-0.18,0.23,0.01
20050920,-0.78,-0.10,0.11,0.01
20050921,-1.03,-0.54,0.28,0.01
20050922,0.30,-0.06,-0.24,0.01
20050923,0.15,0.53,0.14,0.01
20050926,0.12,0.55,0.00,0.01
20050927,-0.02,-0.07,-0.10,0.01
20050928,0.06,-0.58,0.21,0.01
20050929,0.92,0.21,0.06,0.01
20050930,0.20,0.29,-0.22,0.01
20051003,0.00,0.47,0.02,0.01
20051004,-0.96,0.21,-0.14,0.01
20051005,-1.62,-1.02,-0.17,0.01
20051006,-0.56,-0.32,0.10,0.01
20051007,0.42,0.30,0.27,0.01
20051010,-0.73,-0.07,-0.20,0.01
20051011,-0.33,-0.98,0.16,0.01
20051012,-0.79,-0.57,0.06,0.01
20051013,-0.09,0.44,-0.51,0.01
20051014,0.91,0.52,-0.11,0.01
20051017,0.30,-0.34,0.00,0.01
20051018,-1.03,-0.03,-0.07,0.01
20051019,1.45,0.45,-0.12,0.01
20051020,-1.45,0.04,-0.38,0.01
20051021,0.32,0.36,0.28,0.01
20051024,1.69,0.16,0.23,0.01
20051025,-0.31,-0.33,0.08,0.01
20051026,-0.46,-0.26,0.20,0.01
20051027,-1.25,-1.05,0.40,0.01
20051028,1.55,-0.03,0.29,0.01
20051031,0.97,0.81,0.05,0.01
20051101,-0.27,-0.23,0.27,0.01
20051102,1.15,0.84,-0.01,0.01
20051103,0.43,-0.08,-0.15,0.01
20051104,0.01,0.09,-0.24,0.01
20051107,0.25,0.21,-0.05,0.01
20051108,-0.37,-0.34,-0.02,0.01
20051109,0.15,0.27,-0.01,0.01
20051110,0.80,-0.06,-0.50,0.01
20051111,0.27,-0.04,-0.14,0.01
20051114,-0.10,-0.33,0.08,0.01
20051115,-0.49,-0.63,-0.17,0.01
20051116,0.11,-0.37,0.00,0.01
20051117,1.06,0.69,-0.13,0.01
20051118,0.43,0.28,-0.21,0.01
20051121,0.60,0.45,-0.35,0.01
20051122,0.48,-0.04,0.00,0.01
20051123,0.31,-0.26,0.19,0.01
20051125,0.18,-0.12,-0.08,0.01
20051128,-1.01,-0.70,0.24,0.01
20051129,0.01,0.26,0.25,0.01
20051130,-0.43,1.15,-0.14,0.01
20051201,1.27,0.51,0.05,0.02
20051202,0.05,0.06,-0.10,0.02
20051205,-0.30,-0.22,0.01,0.02
20051206,0.12,0.07,0.03,0.02
20051207,-0.49,-0.07,0.04,0.02
20051208,-0.03,0.26,0.06,0.02
20051209,0.27,0.21,0.06,0.02
20051212,0.10,0.11,-0.09,0.02
20051213,0.44,-0.56,-0.18,0.02
20051214,0.34,-0.25,0.05,0.02
20051215,-0.23,-0.55,-0.39,0.02
20051216,-0.29,0.02,-0.07,0.02
20051219,-0.73,-0.82,0.26,0.02
20051220,-0.02,-0.03,0.02,0.02
20051221,0.34,0.68,-0.31,0.02
20051222,0.45,0.15,-0.05,0.02
20051223,0.08,0.30,-0.01,0.02
20051227,-1.00,-0.44,0.16,0.02
20051228,0.19,0.38,0.09,0.02
20051229,-0.27,-0.01,0.24,0.02
20051230,-0.50,-0.21,0.24,0.02
20060103,1.50,-0.17,0.16,0.02
20060104,0.46,0.36,0.02,0.02
20060105,0.03,0.30,-0.10,0.02
20060106,0.93,0.10,-0.25,0.02
20060109,0.45,0.53,-0.18,0.02
20060110,0.05,0.57,0.03,0.02
20060111,0.28,-0.23,-0.09,0.02
20060112,-0.65,0.09,0.02,0.02
20060113,0.16,0.14,0.09,0.02
20060117,-0.40,-0.33,0.19,0.02
20060118,-0.35,0.35,0.28,0.02
20060119,0.62,0.94,-0.10,0.02
20060120,-1.81,0.36,0.50,0.02
20060123,0.18,0.18,0.40,0.02
20060124,0.45,1.04,0.07,0.02
20060125,-0.23,-0.01,-0.08,0.02
20060126,0.80,0.79,0.00,0.02
20060127,0.67,-0.13,-0.18,0.02
20060130,0.11,-0.27,0.22,0.02
20060131,-0.21,0.57,-0.03,0.02
20060201,0.14,0.19,-0.01,0.02
20060202,-0.88,-0.28,-0.07,0.02
20060203,-0.51,0.22,0.01,0.02
20060206,0.10,0.25,0.51,0.02
20060207,-0.92,-0.49,-0.21,0.02
20060208,0.77,-0.24,-0.11,0.02
20060209,-0.19,-0.14,-0.26,0.02
20060210,0.15,-0.38,0.00,0.02
20060213,-0.47,-0.53,0.18,0.02
20060214,1.01,0.25,-0.12,0.02
20060215,0.41,0.43,-0.49,0.02
20060216,0.75,0.06,0.21,0.02
20060217,-0.16,-0.05,0.32,0.02
20060221,-0.38,-0.23,0.10,0.02
20060222,0.73,0.03,-0.07,0.02
20060223,-0.29,0.22,-0.25,0.02
20060224,0.19,0.33,0.18,0.02
20060227,0.40,0.20,-0.35,0.02
20060228,-1.10,-0.23,0.11,0.02
20060301,0.90,0.69,-0.02,0.02
20060302,-0.16,-0.10,0.09,0.02
20060303,-0.15,-0.03,-0.04,0.02
20060306,-0.75,-0.21,-0.11,0.02
20060307,-0.40,-1.09,0.07,0.02
20060308,0.14,-0.05,0.04,0.02
20060309,-0.50,0.00,0.27,0.02
20060310,0.69,0.38,0.04,0.02
20060313,0.23,-0.03,0.15,0.02
20060314,1.00,0.04,0.01,0.02
20060315,0.48,0.40,0.13,0.02
20060316,0.11,-0.16,0.25,0.02
20060317,0.18,0.13,-0.29,0.02
20060320,-0.07,0.17,-0.31,0.02
20060321,-0.69,-0.52,-0.05,0.02
20060322,0.63,0.50,0.06,0.02
20060323,-0.18,0.52,0.02,0.02
20060324,0.22,0.67,0.23,0.02
20060327,-0.07,0.15,0.28,0.02
20060328,-0.61,0.24,-0.07,0.02
20060329,0.87,0.83,0.08,0.02
20060330,-0.16,0.15,-0.21,0.02
20060331,-0.23,0.70,-0.03,0.02
20060403,0.08,-0.90,0.64,0.02
20060404,0.54,-0.27,0.06,0.02
20060405,0.42,-0.01,0.27,0.02
20060406,-0.14,0.17,0.04,0.02
20060407,-1.02,-0.11,-0.14,0.02
20060410,-0.02,-0.41,0.06,0.02
20060411,-0.83,-0.67,0.02,0.02
20060412,0.19,0.59,-0.04,0.02
20060413,0.12,0.38,-0.13,0.02
20060417,-0.28,-0.03,0.24,0.02
20060418,1.72,0.64,0.08,0.02
20060419,0.32,0.85,-0.01,0.02
20060420,0.01,-0.45,0.04,0.02
20060421,-0.10,-0.20,0.20,0.02
20060424,-0.30,-0.41,0.01,0.02
20060425,-0.44,0.44,0.01,0.02
20060426,0.20,-0.13,0.29,0.02
20060427,0.24,-0.92,0.11,0.02
20060428,0.05,0.12,0.47,0.02
20060501,-0.41,0.00,0.35,0.02
20060502,0.54,0.18,0.51,0.02
20060503,-0.31,0.42,0.04,0.02
20060504,0.37,0.59,-0.28,0.02
20060505,1.04,-0.27,-0.04,0.02
20060508,-0.05,0.07,0.07,0.02
20060509,-0.02,-0.14,0.14,0.02
20060510,-0.20,-0.60,0.47,0.02
20060511,-1.36,-1.12,0.29,0.02
20060512,-1.25,-0.70,-0.07,0.02
20060515,0.04,-0.90,-0.26,0.02
20060516,-0.13,0.08,0.39,0.02
20060517,-1.66,0.13,0.21,0.02
20060518,-0.69,-0.32,0.18,0.02
20060519,0.38,0.12,0.02,0.02
20060522,-0.55,-0.72,0.30,0.02
20060523,-0.44,0.06,-0.09,0.02
20060524,0.04,-0.07,-0.08,0.02
20060525,1.22,0.68,-0.07,0.02
20060526,0.60,-0.14,-0.19,0.02
20060530,-1.65,-0.79,0.18,0.02
20060531,0.94,0.38,0.37,0.02
20060601,1.29,0.80,-0.14,0.02
20060602,0.16,-0.09,0.18,0.02
20060605,-1.94,-1.16,0.26,0.02
20060606,-0.28,-0.16,-0.02,0.02
20060607,-0.57,0.03,-0.15,0.02
20060608,0.01,-0.22,0.07,0.02
20060609,-0.44,-0.27,0.04,0.02
20060612,-1.48,-1.26,0.29,0.02
20060613,-1.15,-0.35,-0.37,0.02
20060614,0.46,0.21,-0.26,0.02
20060615,2.33,1.04,0.19,0.02
20060616,-0.43,-0.71,-0.02,0.02
20060619,-1.01,-0.78,0.19,0.02
20060620,-0.06,-0.37,0.04,0.02
20060621,1.11,0.75,-0.18,0.02
20060622,-0.52,0.15,0.12,0.02
20060623,0.03,0.23,0.16,0.02
20060626,0.50,0.53,0.21,0.02
20060627,-0.99,-0.73,0.31,0.02
20060628,0.47,-0.35,0.15,0.02
20060629,2.30,1.42,-0.29,0.02
20060630,-0.02,1.13,0.06,0.02
20060703,0.72,-0.07,-0.22,0.02
20060705,-0.88,-0.55,0.31,0.02
20060706,0.23,-0.06,0.07,0.02
20060707,-0.80,-0.87,0.68,0.02
20060710,0.04,-0.30,0.57,0.02
20060711,0.37,0.31,-0.07,0.02
20060712,-1.21,-0.67,0.27,0.02
20060713,-1.43,-0.58,0.18,0.02
20060714,-0.60,-0.34,0.16,0.02
20060717,-0.22,-0.45,0.05,0.02
20060718,0.17,0.18,0.33,0.02
20060719,1.98,0.93,-0.27,0.02
20060720,-1.11,-1.62,0.68,0.02
20060721,-0.89,-0.84,0.23,0.02
20060724,1.75,0.93,-0.55,0.02
20060725,0.69,0.24,-0.18,0.02
20060726,-0.13,-0.32,0.33,0.02
20060727,-0.58,-0.73,0.31,0.02
20060728,1.31,0.66,-0.08,0.02
20060731,-0.09,0.27,-0.15,0.02
20060801,-0.60,-1.00,0.40,0.02
20060802,0.64,0.35,-0.30,0.02
20060803,0.27,0.89,-0.43,0.02
20060804,-0.13,-0.42,0.07,0.02
20060807,-0.35,-0.29,0.10,0.02
20060808,-0.42,-0.79,0.11,0.02
20060809,-0.52,-0.41,-0.03,0.02
20060810,0.49,0.37,-0.36,0.02
20060811,-0.49,-0.57,0.15,0.02
20060814,0.12,0.27,-0.23,0.02
20060815,1.46,0.77,-0.45,0.02
20060816,0.91,0.60,-0.50,0.02
20060817,0.18,0.34,-0.21,0.02
20060818,0.30,-0.16,-0.14,0.02
20060821,-0.48,-0.49,0.11,0.02
20060822,0.07,0.26,0.03,0.02
20060823,-0.55,-0.78,0.17,0.02
20060824,0.16,-0.19,0.08,0.02
20060825,-0.07,0.21,-0.21,0.02
20060828,0.58,0.42,-0.09,0.02
20060829,0.32,0.94,-0.18,0.02
20060830,0.13,0.72,-0.30,0.02
20060831,0.03,-0.01,0.27,0.02
20060901,0.49,-0.27,-0.10,0.02
20060905,0.21,0.51,0.02,0.02
20060906,-1.13,-1.02,0.42,0.02
20060907,-0.50,-0.17,0.20,0.02
20060908,0.33,-0.08,-0.14,0.02
20060911,-0.03,-0.13,-0.03,0.02
20060912,1.18,1.18,-0.29,0.02
20060913,0.44,0.39,-0.04,0.02
20060914,-0.16,-0.23,0.03,0.02
20060915,0.20,-0.03,-0.17,0.02
20060918,0.04,0.00,-0.23,0.02
20060919,-0.29,-0.23,0.13,0.02
20060920,0.60,0.59,-0.02,0.02
20060921,-0.60,-0.35,0.04,0.02
20060922,-0.41,-0.86,0.41,0.02
20060925,0.86,0.20,0.11,0.02
20060926,0.71,-0.35,-0.22,0.02
20060927,0.07,0.34,-0.09,0.02
20060928,0.14,-0.11,-0.16,0.02
20060929,-0.33,-0.62,0.17,0.02
20061002,-0.43,-0.54,0.19,0.02
20061003,0.12,-0.38,0.42,0.02
20061004,1.28,0.73,-0.46,0.02
20061005,0.43,0.90,-0.31,0.02
20061006,-0.31,-0.05,-0.11,0.02
20061009,0.20,0.42,0.07,0.02
20061010,0.21,-0.03,-0.05,0.02
20061011,-0.30,-0.31,0.21,0.02
20061012,1.07,0.97,-0.26,0.02
20061013,0.22,0.48,-0.05,0.02
20061016,0.35,0.61,-0.23,0.02
20061017,-0.45,-0.24,0.35,0.02
20061018,0.08,-0.32,0.07,0.02
20061019,0.10,0.51,-0.25,0.02
20061020,-0.02,-0.67,-0.09,0.02
20061023,0.56,-0.42,-0.22,0.02
20061024,0.01,-0.21,0.19,0.02
20061025,0.31,0.17,-0.03,0.02
20061026,0.62,0.40,0.20,0.02
20061027,-0.88,-0.31,0.03,0.02
20061030,0.07,0.40,0.16,0.02
20061031,-0.07,-0.36,-0.16,0.02
20061101,-0.88,-1.04,0.31,0.02
20061102,-0.05,-0.24,0.02,0.02
20061103,-0.11,0.51,-0.01,0.02
20061106,1.16,0.26,-0.14,0.02
20061107,0.23,0.07,-0.24,0.02
20061108,0.29,0.28,0.31,0.02
20061109,-0.58,-0.47,0.31,0.02
20061110,0.27,0.65,0.08,0.02
20061113,0.27,0.16,0.01,0.02
20061114,0.71,0.93,-0.24,0.02
20061115,0.36,0.56,-0.33,0.02
20061116,0.16,-0.33,0.13,0.02
20061117,0.03,-0.32,-0.22,0.02
20061120,-0.06,0.22,0.02,0.02
20061121,0.14,0.02,-0.14,0.02
20061122,0.27,-0.10,-0.24,0.02
20061124,-0.32,0.22,0.07,0.02
20061127,-1.53,-1.02,0.30,0.02
20061128,0.30,0.02,-0.03,0.02
20061129,0.95,0.16,-0.08,0.02
20061130,0.10,0.14,0.15,0.02
20061201,-0.30,-0.38,0.13,0.02
20061204,0.98,0.86,-0.17,0.02
20061205,0.40,-0.20,0.24,0.02
20061206,-0.10,-0.09,0.14,0.02
20061207,-0.41,-0.04,0.06,0.02
20061208,0.14,-0.16,-0.09,0.02
20061211,0.18,-0.30,0.64,0.02
20061212,-0.20,-0.53,0.46,0.02
20061213,0.09,-0.03,0.14,0.02
20061214,0.80,-0.14,-0.10,0.02
20061215,0.07,-0.34,0.38,0.02
20061218,-0.46,-0.95,0.20,0.02
20061219,0.16,-0.13,0.02,0.02
20061220,-0.12,0.55,0.10,0.02
20061221,-0.38,0.02,0.36,0.02
20061222,-0.48,0.28,0.07,0.02
20061226,0.44,0.32,0.39,0.02
20061227,0.74,0.53,-0.09,0.02
20061228,-0.18,-0.17,-0.03,0.02
20061229,-0.51,-0.27,-0.12,0.02
20070103,-0.05,0.03,0.20,0.02
20070104,0.16,0.23,-0.51,0.02
20070105,-0.73,-0.94,-0.29,0.02
20070108,0.24,-0.09,0.04,0.02
20070109,0.00,0.29,-0.31,0.02
20070110,0.23,-0.10,-0.19,0.02
20070111,0.74,0.60,-0.35,0.02
20070112,0.51,0.23,-0.30,0.02
20070116,0.00,-0.28,0.01,0.02
20070117,-0.14,-0.23,-0.04,0.02
20070118,-0.48,-1.03,0.42,0.02
20070119,0.33,0.40,0.09,0.02
20070122,-0.56,-0.49,0.31,0.02
20070123,0.37,0.57,0.04,0.02
20070124,0.82,0.27,-0.23,0.02
20070125,-1.15,-0.06,-0.10,0.02
20070126,-0.06,0.53,0.12,0.02
20070129,0.02,0.59,0.23,0.02
20070130,0.51,0.00,0.17,0.02
20070131,0.64,-0.39,0.00,0.02
20070201,0.59,0.32,-0.19,0.02
20070202,0.14,0.09,0.20,0.02
20070205,-0.12,-0.25,0.12,0.02
20070206,0.10,0.26,0.23,0.02
20070207,0.21,0.38,0.07,0.02
20070208,-0.10,0.26,-0.26,0.02
20070209,-0.75,-0.38,0.18,0.02
20070212,-0.35,0.21,0.12,0.02
20070213,0.72,-0.18,0.30,0.02
20070214,0.72,-0.49,-0.19,0.02
20070215,0.11,0.16,-0.41,0.02
20070216,0.00,0.26,0.05,0.02
20070220,0.42,0.62,-0.14,0.02
20070221,-0.09,0.32,-0.22,0.02
20070222,-0.06,0.37,-0.12,0.02
20070223,-0.31,0.15,-0.28,0.02
20070226,-0.19,-0.14,0.07,0.02
20070227,-3.42,-0.21,0.18,0.02
20070228,0.47,-0.50,0.21,0.02
20070301,-0.25,-0.12,0.16,0.02
20070302,-1.23,-0.66,0.29,0.02
20070305,-1.10,-0.69,-0.30,0.02
20070306,1.58,0.66,-0.02,0.02
20070307,-0.21,-0.10,0.07,0.02
20070308,0.68,-0.03,-0.06,0.02
20070309,0.09,0.28,0.15,0.02
20070312,0.28,0.30,-0.21,0.02
20070313,-2.03,-0.22,-0.25,0.02
20070314,0.57,0.10,-0.06,0.02
20070315,0.45,0.49,0.17,0.02
20070316,-0.42,-0.09,-0.19,0.02
20070319,1.08,-0.09,-0.09,0.02
20070320,0.66,0.04,0.12,0.02
20070321,1.64,-0.10,-0.12,0.02
20070322,-0.02,0.23,-0.42,0.02
20070323,0.09,0.08,0.05,0.02
20070326,0.06,-0.04,-0.17,0.02
20070327,-0.62,-0.18,-0.05,0.02
20070328,-0.74,0.21,0.02,0.02
20070329,0.29,-0.20,0.11,0.02
20070330,-0.07,0.31,-0.10,0.02
20070402,0.22,0.08,-0.20,0.02
20070403,0.94,0.06,-0.07,0.02
20070404,0.10,-0.19,-0.25,0.02
20070405,0.31,0.03,-0.15,0.02
20070409,0.04,-0.23,0.02,0.02
20070410,0.23,0.07,0.03,0.02
20070411,-0.64,-0.11,0.12,0.02
20070412,0.61,0.23,-0.16,0.02
20070413,0.33,0.23,-0.06,0.02
20070416,1.06,0.28,0.03,0.02
20070417,0.09,-0.43,-0.07,0.02
20070418,0.00,-0.74,0.54,0.02
20070419,-0.23,-0.37,-0.08,0.02
20070420,0.88,0.22,-0.04,0.02
20070423,-0.23,0.07,-0.33,0.02
20070424,-0.09,-0.07,-0.23,0.02
20070425,0.91,-0.39,0.21,0.02
20070426,-0.02,0.31,-0.30,0.02
20070427,-0.13,-0.31,-0.39,0.02
20070430,-0.93,-0.88,-0.03,0.02
20070501,0.22,-0.07,-0.02,0.02
20070502,0.79,0.61,0.03,0.02
20070503,0.37,-0.34,0.15,0.02
20070504,0.25,0.17,0.02,0.02
20070507,0.18,-0.38,0.28,0.02
20070508,-0.13,-0.03,-0.11,0.02
20070509,0.35,0.08,-0.05,0.02
20070510,-1.42,-0.52,0.26,0.02
20070511,0.95,0.19,0.02,0.02
20070514,-0.28,-0.59,-0.01,0.02
20070515,-0.27,-0.75,0.16,0.02
20070516,0.82,-0.20,0.05,0.02
20070517,-0.10,-0.35,-0.02,0.02
20070518,0.66,0.42,-0.50,0.02
20070521,0.30,0.89,-0.19,0.02
20070522,0.07,0.71,0.02,0.02
20070523,-0.18,-0.22,-0.17,0.02
20070524,-1.07,-0.39,-0.07,0.02
20070525,0.55,0.23,-0.07,0.02
20070529,0.23,0.60,-0.03,0.02
20070530,0.77,-0.21,-0.05,0.02
20070531,0.13,0.36,-0.32,0.02
20070601,0.44,0.29,0.09,0.02
20070604,0.18,0.06,-0.02,0.02
20070605,-0.55,-0.13,-0.22,0.02
20070606,-0.93,0.10,0.02,0.02
20070607,-1.75,-0.03,0.10,0.02
20070608,1.07,-0.01,-0.05,0.02
20070611,0.08,-0.32,0.17,0.02
20070612,-1.06,-0.20,-0.08,0.02
20070613,1.37,-0.21,-0.17,0.02
20070614,0.50,0.14,-0.13,0.02
20070615,0.69,0.50,0.00,0.02
20070618,-0.12,-0.02,-0.03,0.02
20070619,0.14,0.01,0.09,0.02
20070620,-1.29,0.08,-0.17,0.02
20070621,0.56,-0.19,-0.02,0.02
20070622,-1.25,0.58,0.00,0.02
20070625,-0.38,-0.39,-0.08,0.02
20070626,-0.35,0.16,-0.21,0.02
20070627,0.92,0.48,-0.36,0.02
20070628,0.03,0.18,0.06,0.02
20070629,-0.19,-0.33,-0.05,0.02
20070702,1.06,-0.09,0.10,0.02
20070703,0.36,-0.04,-0.12,0.02
20070705,0.07,0.20,-0.56,0.02
20070706,0.40,-0.07,-0.07,0.02
20070709,0.10,0.05,-0.07,0.02
20070710,-1.43,-0.17,-0.37,0.02
20070711,0.55,-0.30,-0.09,0.02
20070712,1.77,-0.18,-0.25,0.02
20070713,0.27,-0.29,0.05,0.02
20070716,-0.31,-0.44,-0.33,0.02
20070717,0.03,0.15,-0.18,0.02
20070718,-0.24,-0.22,-0.21,0.02
20070719,0.44,0.32,-0.46,0.02
20070720,-1.25,-0.27,-0.22,0.02
20070723,0.36,-0.41,-0.49,0.02
20070724,-2.03,-0.53,-0.32,0.02
20070725,0.30,-0.41,0.07,0.02
20070726,-2.36,-0.09,-0.24,0.02
20070727,-1.51,-0.10,0.08,0.02
20070730,0.93,-0.28,-0.08,0.02
20070731,-1.19,0.35,-0.10,0.02
20070801,0.52,-0.51,-0.28,0.02
20070802,0.55,0.14,-0.27,0.02
20070803,-2.66,-0.65,-0.79,0.02
20070806,2.07,-1.14,-0.44,0.02
20070807,0.65,0.30,-0.62,0.02
20070808,1.47,1.22,-0.69,0.02
20070809,-2.74,1.69,-0.59,0.02
20070810,0.04,-0.04,1.42,0.02
20070813,-0.06,-1.16,0.25,0.02
20070814,-1.82,-0.06,-0.15,0.02
20070815,-1.46,0.03,0.00,0.02
20070816,0.32,1.26,1.34,0.02
20070817,2.36,-0.44,0.41,0.02
20070820,0.00,0.14,-0.34,0.02
20070821,0.15,-0.01,0.00,0.02
20070822,1.20,0.06,-0.02,0.02
20070823,-0.24,-1.00,0.20,0.02
20070824,1.21,0.11,-0.26,0.02
20070827,-0.85,-0.11,-0.16,0.02
20070828,-2.34,-0.08,-0.40,0.02
20070829,2.13,0.13,0.02,0.02
20070830,-0.43,-0.01,-0.44,0.02
20070831,1.12,0.06,-0.02,0.02
20070904,1.03,-0.20,0.01,0.02
20070905,-1.04,-0.02,-0.33,0.02
20070906,0.42,-0.01,-0.19,0.02
20070907,-1.70,-0.32,0.21,0.02
20070910,-0.27,-0.49,-0.21,0.02
20070911,1.35,0.05,-0.32,0.02
20070912,-0.03,-0.46,-0.16,0.02
20070913,0.69,-0.63,0.22,0.02
20070914,0.10,0.37,-0.10,0.02
20070917,-0.60,-0.43,0.01,0.02
20070918,2.88,0.62,0.44,0.02
20070919,0.59,0.59,0.20,0.02
20070920,-0.65,-0.14,-0.33,0.02
20070921,0.43,-0.21,-0.26,0.02
20070924,-0.56,-0.39,-0.63,0.02
20070925,-0.03,-0.29,-0.39,0.02
20070926,0.60,0.19,-0.21,0.02
20070927,0.43,0.17,-0.05,0.02
20070928,-0.37,-0.54,-0.01,0.02
20071001,1.37,0.82,0.06,0.01
20071002,0.11,0.67,0.21,0.01
20071003,-0.48,-0.21,-0.11,0.01
20071004,0.18,-0.05,0.09,0.01
20071005,1.10,0.65,-0.05,0.01
20071008,-0.27,-0.19,-0.36,0.01
20071009,0.78,-0.19,-0.21,0.01
20071010,-0.13,0.00,-0.42,0.01
20071011,-0.57,-0.66,0.48,0.01
20071012,0.51,0.13,-0.33,0.01
20071015,-0.89,-0.39,-0.14,0.01
20071016,-0.67,-0.05,-0.29,0.01
20071017,0.22,-0.16,-0.19,0.01
20071018,-0.10,0.10,-0.41,0.01
20071019,-2.45,-0.51,-0.01,0.01
20071022,0.47,0.90,0.05,0.01
20071023,0.85,0.09,-0.63,0.01
20071024,-0.33,-0.46,-0.26,0.01
20071025,-0.19,-0.32,-0.13,0.01
20071026,1.37,0.29,0.36,0.01
20071029,0.40,-0.28,-0.54,0.01
20071030,-0.63,0.07,0.15,0.01
20071031,1.23,-0.02,-0.14,0.01
20071101,-2.66,-0.90,-0.46,0.02
20071102,0.08,0.20,-0.87,0.02
20071105,-0.59,-0.33,-0.02,0.02
20071106,1.18,0.02,-0.17,0.02
20071107,-2.76,-0.10,-0.50,0.02
20071108,-0.05,0.54,1.13,0.02
20071109,-1.46,0.17,0.89,0.02
20071112,-1.08,0.39,0.28,0.02
20071113,2.81,-0.45,0.15,0.02
20071114,-0.63,-0.17,-0.22,0.02
20071115,-1.26,-0.01,-0.07,0.02
20071116,0.39,-0.57,-0.66,0.02
20071119,-1.81,-0.29,-0.38,0.02
20071120,0.32,-0.62,-0.13,0.02
20071121,-1.54,0.40,0.08,0.02
20071123,1.60,0.19,0.21,0.02
20071126,-2.10,-0.14,-0.58,0.02
20071127,1.31,-0.52,-0.20,0.02
20071128,2.90,0.35,-0.17,0.02
20071129,0.02,-0.52,-0.31,0.02
20071130,0.70,-0.61,0.88,0.02
20071203,-0.59,-0.59,0.23,0.01
20071204,-0.61,-0.17,-0.20,0.01
20071205,1.47,0.02,-0.06,0.01
20071206,1.55,0.85,0.37,0.01
20071207,-0.07,0.08,-0.12,0.01
20071210,0.71,-0.13,0.19,0.01
20071211,-2.50,-0.30,-0.08,0.01
20071212,0.48,0.02,-0.21,0.01
20071213,0.06,-0.32,-0.34,0.01
20071214,-1.37,-0.50,-0.30,0.01
20071217,-1.59,-0.24,0.29,0.01
20071218,0.66,1.18,-0.03,0.01
20071219,-0.10,0.32,-0.39,0.01
20071220,0.64,0.85,-0.33,0.01
20071221,1.64,0.35,0.01,0.01
20071224,0.80,0.11,0.16,0.01
20071226,0.10,0.22,-0.08,0.01
20071227,-1.49,-1.18,0.07,0.01
20071228,0.12,-0.39,-0.11,0.01
20071231,-0.66,0.01,0.41,0.01
20080102,-1.46,-0.09,-0.07,0.01
20080103,-0.14,-1.02,-0.40,0.01
20080104,-2.55,-0.47,0.04,0.01
20080107,0.16,0.13,0.17,0.01
20080108,-1.81,-0.42,-0.94,0.01
20080109,1.10,-0.35,-0.64,0.01
20080110,0.89,-0.09,0.51,0.01
20080111,-1.43,-0.76,0.29,0.01
20080114,1.02,-0.07,-0.13,0.01
20080115,-2.39,0.41,-0.05,0.01
20080116,-0.50,0.91,1.10,0.01
20080117,-2.79,0.36,-0.07,0.01
20080118,-0.57,-0.27,-0.78,0.01
20080122,-0.98,0.27,1.32,0.01
20080123,2.03,0.63,1.75,0.01
20080124,1.02,-0.96,-0.44,0.01
20080125,-1.39,0.84,0.15,0.01
20080128,1.72,0.02,1.02,0.01
20080129,0.69,-0.53,1.07,0.01
20080130,-0.59,-0.44,-0.04,0.01
20080131,1.66,0.83,0.50,0.01
20080201,1.48,0.74,0.04,0.01
20080204,-0.99,0.16,-0.19,0.01
20080205,-3.01,0.42,0.07,0.01
20080206,-0.85,-0.39,0.50,0.01
20080207,0.81,0.35,0.17,0.01
20080208,-0.29,-0.11,-0.33,0.01
20080211,0.59,-0.21,-0.54,0.01
20080212,0.61,-0.13,-0.03,0.01
20080213,1.46,0.70,-0.05,0.01
20080214,-1.35,-0.80,0.14,0.01
20080215,-0.03,-0.92,0.46,0.01
20080219,-0.06,0.19,-0.28,0.01
20080220,0.83,0.20,0.06,0.01
20080221,-1.28,-0.36,-0.26,0.01
20080222,0.61,-0.88,0.58,0.01
20080225,1.46,0.50,-0.14,0.01
20080226,0.72,0.36,-0.02,0.01
20080227,-0.11,-0.01,-0.24,0.01
20080228,-0.93,-0.41,-0.48,0.01
20080229,-2.64,0.11,-0.19,0.01
20080303,-0.04,-0.28,-0.39,0.01
20080304,-0.36,0.02,0.09,0.01
20080305,0.55,-0.23,-0.37,0.01
20080306,-2.26,-0.47,-0.21,0.01
20080307,-0.88,0.22,0.69,0.01
20080310,-1.72,-0.62,0.62,0.01
20080311,3.56,0.23,0.31,0.01
20080312,-0.77,0.16,-0.73,0.01
20080313,0.65,1.31,-0.17,0.01
20080314,-2.07,-0.21,-0.34,0.01
20080317,-1.20,-0.84,0.52,0.01
20080318,4.09,0.06,-0.17,0.01
20080319,-2.37,0.02,0.19,0.01
20080320,2.29,-0.11,0.81,0.01
20080324,1.72,1.13,-0.59,0.01
20080325,0.37,0.44,-0.12,0.01
20080326,-0.83,0.59,-0.49,0.01
20080327,-1.13,-0.18,-0.01,0.01
20080328,-0.82,-0.47,0.22,0.01
20080331,0.57,0.05,0.43,0.01
20080401,3.37,-0.66,0.07,0.01
20080402,-0.09,0.48,-0.21,0.01
20080403,0.15,-0.07,-0.15,0.01
20080404,0.16,0.09,-0.51,0.01
20080407,0.14,-0.45,0.48,0.01
20080408,-0.34,0.29,-0.13,0.01
20080409,-0.96,-0.83,-0.14,0.01
20080410,0.53,0.68,-0.55,0.01
20080411,-2.03,-0.63,0.47,0.01
20080414,-0.38,0.13,-0.30,0.01
20080415,0.47,0.29,0.40,0.01
20080416,2.28,0.49,0.10,0.01
20080417,-0.10,-0.86,0.37,0.01
20080418,1.68,0.11,-0.56,0.01
20080421,-0.17,-0.11,-0.63,0.01
20080422,-0.97,-1.15,0.39,0.01
20080423,0.26,0.22,-1.21,0.01
20080424,0.66,0.58,0.40,0.01
20080425,0.68,-0.22,0.21,0.01
20080428,-0.03,0.57,0.14,0.01
20080429,-0.36,-0.45,0.39,0.01
20080430,-0.30,-0.09,0.00,0.01
20080501,1.66,0.11,0.27,0.01
20080502,0.20,-0.76,0.04,0.01
20080505,-0.41,0.31,-0.20,0.01
20080506,0.75,-0.08,0.37,0.01
20080507,-1.66,0.03,-0.16,0.01
20080508,0.37,0.11,-0.29,0.01
20080509,-0.54,0.59,-0.20,0.01
20080512,1.10,0.68,-0.40,0.01
20080513,0.08,0.65,-0.12,0.01
20080514,0.38,-0.39,0.10,0.01
20080515,1.02,-0.10,-0.28,0.01
20080516,0.11,-0.42,0.00,0.01
20080519,-0.02,-0.27,0.14,0.01
20080520,-0.80,0.57,-0.17,0.01
20080521,-1.56,0.42,0.25,0.01
20080522,0.38,0.29,0.05,0.01
20080523,-1.24,0.13,-0.36,0.01
20080527,0.72,0.56,-0.14,0.01
20080528,0.49,-0.07,-0.13,0.01
20080529,0.61,0.32,-0.23,0.01
20080530,0.29,0.23,0.00,0.01
20080602,-0.98,0.13,0.22,0.01
20080603,-0.46,0.29,0.01,0.01
20080604,0.02,0.68,-0.67,0.01
20080605,1.95,0.37,-0.15,0.01
20080606,-2.90,0.16,-0.04,0.01
20080609,-0.03,-0.54,-0.40,0.01
20080610,-0.31,0.00,-0.18,0.01
20080611,-1.65,-0.20,-0.03,0.01
20080612,0.31,-0.03,0.05,0.01
20080613,1.56,0.32,-0.43,0.01
20080616,0.16,0.85,-0.11,0.01
20080617,-0.55,0.11,-0.23,0.01
20080618,-0.96,0.18,0.19,0.01
20080619,0.34,0.58,-0.64,0.01
20080620,-1.80,0.27,0.16,0.01
20080623,-0.16,-0.65,-0.31,0.01
20080624,-0.55,-1.18,0.28,0.01
20080625,0.64,0.40,-0.42,0.01
20080626,-2.83,0.53,0.15,0.01
20080627,-0.36,0.21,-0.50,0.01
20080630,-0.06,-1.23,0.23,0.01
20080701,0.29,-0.43,0.31,0.01
20080702,-2.00,-0.89,0.16,0.01
20080703,-0.15,-0.63,-0.24,0.01
20080707,-0.81,0.18,-1.26,0.01
20080708,1.84,1.00,2.27,0.01
20080709,-2.05,-0.12,-1.40,0.01
20080710,0.65,-0.05,-1.16,0.01
20080711,-0.88,1.57,-1.08,0.01
20080714,-0.93,-0.09,-2.42,0.01
20080715,-0.97,1.22,-1.24,0.01
20080716,2.52,0.02,4.60,0.01
20080717,1.12,-0.14,3.99,0.01
20080718,-0.08,-0.81,1.05,0.01
20080721,0.16,0.34,-0.52,0.01
20080722,1.37,0.93,3.00,0.01
20080723,0.32,0.07,1.43,0.01
20080724,-2.31,0.57,-2.81,0.01
20080725,0.46,0.92,-0.96,0.01
20080728,-1.76,0.04,-1.36,0.01
20080729,2.26,-0.37,3.24,0.01
20080730,1.59,-1.41,-0.07,0.01
20080731,-1.17,0.56,0.40,0.01
20080801,-0.47,0.65,0.93,0.01
20080804,-1.09,-0.17,0.31,0.01
20080805,2.65,-0.59,1.64,0.01
20080806,0.50,0.52,-1.06,0.01
20080807,-1.73,0.62,-1.73,0.01
20080808,2.29,0.65,1.20,0.01
20080811,0.83,1.39,1.15,0.01
20080812,-1.05,1.08,-2.04,0.01
20080813,-0.15,0.75,-1.87,0.01
20080814,0.63,0.07,1.25,0.01
20080815,0.38,-0.40,1.00,0.01
20080818,-1.45,0.27,-0.93,0.01
20080819,-1.00,-0.58,-1.14,0.01
20080820,0.54,-0.69,0.01,0.01
20080821,0.12,-0.94,-0.41,0.01
20080822,1.14,0.46,1.01,0.01
20080825,-1.92,-0.14,-0.53,0.01
20080826,0.34,-0.21,0.20,0.01
20080827,0.88,0.20,0.43,0.01
20080828,1.51,0.13,1.75,0.01
20080829,-1.25,0.19,0.62,0.01
20080902,-0.45,0.32,1.88,0.01
20080903,-0.23,0.51,1.52,0.01
20080904,-2.91,0.23,-0.49,0.01
20080905,0.42,-0.87,1.56,0.01
20080908,1.76,-0.55,2.10,0.01
20080909,-3.41,0.69,-0.85,0.01
20080910,0.70,0.41,-0.71,0.01
20080911,1.22,-0.91,0.12,0.01
20080912,0.29,-0.27,-0.12,0.01
20080915,-4.45,1.51,-2.31,0.01
20080916,1.66,0.19,2.03,0.01
20080917,-4.60,0.59,-2.16,0.01
20080918,4.40,1.04,4.82,0.01
20080919,4.27,-2.14,3.93,0.01
20080922,-3.93,0.45,-3.37,0.01
20080923,-1.55,0.09,0.14,0.01
20080924,-0.32,-1.08,-0.77,0.01
20080925,1.70,-1.14,0.66,0.01
20080926,0.11,-0.96,1.04,0.01
20080929,-8.26,3.56,-4.03,0.01
20080930,4.88,-3.75,2.98,0.01
20081001,-0.47,-0.96,3.00,0.00
20081002,-4.20,-0.65,0.68,0.00
20081003,-1.47,-0.81,-1.21,0.00
20081006,-3.95,-0.05,0.40,0.00
20081007,-5.76,1.08,-3.51,0.00
20081008,-1.28,-0.19,-2.29,0.00
20081009,-7.36,-0.23,-2.58,0.00
20081010,-0.96,3.83,3.10,0.00
20081013,11.36,-2.45,-1.97,0.00
20081014,-0.86,-3.03,4.54,0.00
20081015,-8.79,0.22,0.76,0.00
20081016,4.32,2.31,-1.36,0.00
20081017,-0.42,-0.82,-0.88,0.00
20081020,4.56,-1.26,-0.83,0.00
20081021,-2.95,0.02,0.44,0.00
20081022,-5.76,0.89,0.05,0.00
20081023,0.30,-3.32,-0.77,0.00
20081024,-3.28,-0.10,-0.50,0.00
20081027,-3.37,-0.90,0.38,0.00
20081028,9.78,-3.76,0.50,0.00
20081029,-0.47,2.77,-1.31,0.00
20081030,2.97,2.05,-0.45,0.00
20081031,1.88,2.13,2.01,0.00
20081103,-0.05,0.16,0.52,0.00
20081104,3.57,-2.59,0.21,0.00
20081105,-5.05,0.23,-1.57,0.00
20081106,-4.83,1.50,-0.35,0.00
20081107,2.61,-1.11,-0.69,0.00
20081110,-1.31,-0.71,-2.07,0.00
20081111,-2.25,0.08,0.04,0.00
20081112,-5.14,-0.49,-1.10,0.00
20081113,6.80,0.74,0.09,0.00
20081114,-4.27,-2.26,-0.15,0.00
20081117,-2.43,1.88,-1.70,0.00
20081118,0.71,-1.23,-0.61,0.00
20081119,-6.30,-0.07,-2.98,0.00
20081120,-6.61,1.70,-2.51,0.00
20081121,6.12,-1.19,-2.15,0.00
20081124,6.27,-1.38,4.77,0.00
20081125,0.94,0.02,2.12,0.00
20081126,3.88,1.71,0.28,0.00
20081128,1.06,-0.58,1.74,0.00
20081201,-8.96,-0.72,-3.73,0.00
20081202,3.97,0.70,2.44,0.00
20081203,2.63,-0.21,1.53,0.00
20081204,-2.91,-0.07,1.17,0.00
20081205,3.76,0.09,1.85,0.00
20081208,3.80,-0.26,0.08,0.00
20081209,-2.23,-0.60,-1.08,0.00
20081210,1.20,1.02,-0.90,0.00
20081211,-2.93,-1.18,-2.20,0.00
20081212,0.96,2.30,0.75,0.00
20081215,-1.54,-1.25,-1.37,0.00
20081216,5.15,-0.18,2.55,0.00
20081217,-0.63,1.72,-0.57,0.00
20081218,-1.84,0.79,-0.19,0.00
20081219,0.35,0.81,-0.20,0.00
20081222,-1.87,-0.02,-0.82,0.00
20081223,-0.88,-0.20,-0.83,0.00
20081224,0.51,-0.26,0.76,0.00
20081226,0.63,0.58,0.06,0.00
20081229,-0.56,-1.50,0.02,0.00
20081230,2.47,0.55,1.01,0.00
20081231,1.70,1.59,0.75,0.00
20090102,3.12,-1.31,-0.42,0.00
20090105,-0.26,0.69,-1.16,0.00
20090106,0.87,1.04,0.88,0.00
20090107,-2.97,0.34,-1.17,0.00
20090108,0.47,0.70,0.41,0.00
20090109,-2.21,-1.37,-1.25,0.00
20090112,-2.26,0.37,-1.94,0.00
20090113,0.29,0.32,0.39,0.00
20090114,-3.38,-0.55,-1.30,0.00
20090115,0.43,2.30,-2.30,0.00
20090116,0.77,0.47,-1.05,0.00
20090120,-5.29,0.18,-4.11,0.00
20090121,4.17,-1.23,2.83,0.00
20090122,-1.61,-0.97,-1.78,0.00
20090123,0.43,-0.61,1.12,0.00
20090126,0.55,0.78,-0.68,0.00
20090127,1.07,-0.36,0.29,0.00
20090128,3.29,-0.67,2.82,0.00
20090129,-3.22,-0.16,-2.15,0.00
20090130,-2.16,0.20,-1.19,0.00
20090202,0.06,1.26,-0.39,0.00
20090203,1.46,-0.11,-2.42,0.00
20090204,-0.60,-0.20,-0.32,0.00
20090205,1.61,0.17,-0.08,0.00
20090206,2.79,-0.13,2.43,0.00
20090209,0.03,-0.83,0.06,0.00
20090210,-4.63,1.09,-2.84,0.00
20090211,0.75,-0.81,1.22,0.00
20090212,0.30,0.36,-0.52,0.00
20090213,-0.85,0.94,-1.48,0.00
20090217,-4.36,1.03,-2.38,0.00
20090218,-0.33,-0.84,-0.75,0.00
20090219,-1.15,-0.02,-1.99,0.00
20090220,-1.17,-0.13,-0.94,0.00
20090223,-3.43,-0.59,0.75,0.00
20090224,4.01,-0.99,3.05,0.00
20090225,-1.15,-1.54,0.31,0.00
20090226,-1.54,-0.52,1.35,0.00
20090227,-2.01,1.84,-2.04,0.00
20090302,-4.76,-0.30,-0.30,0.00
20090303,-0.72,-0.70,-2.31,0.00
20090304,2.42,0.55,-0.91,0.00
20090305,-4.21,-0.43,-3.13,0.00
20090306,0.20,0.43,-0.63,0.00
20090309,-1.10,-0.92,0.15,0.00
20090310,6.36,-0.84,4.19,0.00
20090311,0.30,-0.59,0.54,0.00
20090312,4.16,1.13,2.60,0.00
20090313,0.74,0.21,0.47,0.00
20090316,-0.55,-1.00,0.38,0.00
20090317,3.20,0.64,1.55,0.00
20090318,2.17,0.03,4.01,0.00
20090319,-1.03,1.10,-2.70,0.00
20090320,-1.95,-0.35,-0.87,0.00
20090323,6.90,-0.78,4.25,0.00
20090324,-1.93,-1.06,-1.77,0.00
20090325,0.94,0.95,1.41,0.00
20090326,2.68,1.96,-0.13,0.00
20090327,-2.03,-1.40,0.17,0.00
20090330,-3.49,1.80,-3.84,0.00
20090331,1.30,-0.62,1.80,0.00
20090401,1.65,-0.50,1.60,0.00
20090402,3.07,1.98,0.51,0.00
20090403,1.01,-0.18,0.97,0.00
20090406,-0.92,-0.54,-0.80,0.00
20090407,-2.43,-0.78,-0.10,0.00
20090408,1.28,1.13,0.02,0.00
20090409,3.92,0.25,4.54,0.00
20090413,0.26,-0.96,2.30,0.00
20090414,-2.02,0.05,-3.00,0.00
20090415,1.12,-0.20,2.38,0.00
20090416,1.69,1.30,0.05,0.00
20090417,0.55,0.82,0.37,0.00
20090420,-4.32,0.17,-4.29,0.00
20090421,2.19,0.76,3.06,0.00
20090422,-0.60,1.57,-1.19,0.00
20090423,0.66,-1.87,0.25,0.00
20090424,1.77,0.83,0.05,0.00
20090427,-0.95,-0.36,-1.74,0.00
20090428,-0.20,0.91,0.12,0.00
20090429,2.41,0.77,1.26,0.00
20090430,-0.05,-0.29,-0.66,0.00
20090501,0.45,-0.46,-0.20,0.00
20090504,3.36,-0.49,3.11,0.00
20090505,-0.28,0.20,-0.24,0.00
20090506,1.46,-2.11,2.60,0.00
20090507,-1.42,-0.69,-0.89,0.00
20090508,2.48,0.13,3.01,0.00
20090511,-2.01,1.31,-2.42,0.00
20090512,-0.32,-0.88,-1.46,0.00
20090513,-2.91,-1.47,-1.52,0.00
20090514,1.11,0.47,1.01,0.00
20090515,-1.02,0.63,-1.19,0.00
20090518,3.13,0.24,2.09,0.00
20090519,-0.04,0.30,-1.32,0.00
20090520,-0.48,0.01,-1.18,0.00
20090521,-1.68,-0.12,0.40,0.00
20090522,-0.15,-0.36,-0.60,0.00
20090526,2.79,1.55,0.66,0.00
20090527,-1.80,0.24,-1.23,0.00
20090528,1.34,-1.37,0.56,0.00
20090529,1.38,0.55,-0.18,0.00
20090601,2.73,1.60,-0.79,0.00
20090602,0.29,0.84,-0.22,0.00
20090603,-1.39,0.82,-0.82,0.00
20090604,1.18,0.13,1.25,0.00
20090605,-0.19,0.15,-0.60,0.00
20090608,-0.20,-1.00,0.58,0.00
20090609,0.49,0.34,-0.25,0.00
20090610,-0.35,-0.34,-0.45,0.00
20090611,0.63,-0.24,0.33,0.00
20090612,0.03,-0.16,-0.03,0.00
20090615,-2.38,-0.29,-0.36,0.00
20090616,-1.33,-0.10,-0.33,0.00
20090617,-0.08,0.98,-1.02,0.00
20090618,0.74,-0.66,0.41,0.00
20090619,0.35,0.28,0.15,0.00
20090622,-3.07,-0.36,-0.79,0.00
20090623,0.08,-1.12,0.18,0.00
20090624,0.78,0.25,-0.15,0.00
20090625,2.19,0.79,-0.01,0.00
20090626,0.03,1.56,0.13,0.00
20090629,0.82,-1.08,0.39,0.00
20090630,-0.74,0.24,-0.20,0.00
20090701,0.55,1.49,0.20,0.00
20090702,-2.90,-0.64,-1.11,0.00
20090706,-0.03,-0.89,-0.95,0.00
20090707,-1.92,0.00,-0.15,0.00
20090708,-0.19,-0.60,-1.10,0.00
20090709,0.35,-0.61,1.25,0.00
20090710,-0.34,0.92,-0.53,0.00
20090713,2.43,-0.64,1.78,0.00
20090714,0.59,0.29,0.62,0.00
20090715,2.98,0.54,1.37,0.00
20090716,0.94,0.47,-0.15,0.00
20090717,-0.05,-0.23,-0.11,0.00
20090720,1.19,0.29,0.35,0.00
20090721,0.31,-0.54,-0.82,0.00
20090722,0.08,0.58,0.39,0.00
20090723,2.37,0.62,1.02,0.00
20090724,0.38,0.31,0.09,0.00
20090727,0.29,0.10,0.98,0.00
20090728,-0.20,0.26,-0.30,0.00
20090729,-0.46,-0.09,-0.84,0.00
20090730,1.24,0.27,1.46,0.00
20090731,0.05,-0.24,1.23,0.00
20090803,1.63,0.03,1.68,0.00
20090804,0.32,0.41,0.78,0.00
20090805,-0.31,-1.12,1.69,0.00
20090806,-0.62,-1.00,0.07,0.00
20090807,1.44,0.97,1.20,0.00
20090810,-0.32,0.48,0.30,0.00
20090811,-1.25,-0.05,-1.21,0.00
20090812,1.21,0.44,0.51,0.00
20090813,0.73,-0.33,1.10,0.00
20090814,-0.97,-1.22,-0.26,0.00
20090817,-2.46,-0.11,-1.69,0.00
20090818,1.11,0.41,1.24,0.00
20090819,0.72,0.45,-0.43,0.00
20090820,1.00,-0.06,0.82,0.00
20090821,1.83,0.36,0.72,0.00
20090824,-0.09,0.06,-0.32,0.00
20090825,0.27,0.17,0.69,0.00
20090826,-0.01,0.15,0.09,0.00
20090827,0.21,-0.16,0.55,0.00
20090828,-0.19,-0.41,0.56,0.00
20090831,-0.86,-0.46,-0.63,0.00
20090901,-2.15,0.11,-2.06,0.00
20090902,-0.28,0.12,-0.70,0.00
20090903,0.93,0.02,1.12,0.00
20090904,1.31,0.22,0.25,0.00
20090908,0.89,0.19,0.09,0.00
20090909,0.90,0.80,0.69,0.00
20090910,1.08,0.45,0.93,0.00
20090911,-0.10,0.13,-0.05,0.00
20090914,0.65,0.07,0.61,0.00
20090915,0.44,0.55,0.57,0.00
20090916,1.54,0.38,1.31,0.00
20090917,-0.30,-0.01,-0.28,0.00
20090918,0.23,0.13,-0.18,0.00
20090921,-0.27,-0.15,-0.65,0.00
20090922,0.66,-0.09,1.48,0.00
20090923,-1.00,0.15,-0.89,0.00
20090924,-1.06,-0.61,-1.33,0.00
20090925,-0.64,0.18,-0.50,0.00
20090928,1.78,0.34,1.10,0.00
20090929,-0.12,-0.05,0.38,0.00
20090930,-0.40,-0.57,-0.62,0.00
20091001,-2.58,-0.60,-1.38,0.00
20091002,-0.52,-0.29,-0.14,0.00
20091005,1.49,0.05,1.81,0.00
20091006,1.40,0.54,0.26,0.00
20091007,0.26,-0.38,0.57,0.00
20091008,0.84,0.24,0.42,0.00
20091009,0.58,0.62,-0.25,0.00
20091012,0.36,-0.54,0.35,0.00
20091013,-0.21,0.13,-0.16,0.00
20091014,1.70,0.04,1.17,0.00
20091015,0.35,-0.25,-0.42,0.00
20091016,-0.80,0.01,-1.26,0.00
20091019,0.94,0.05,0.01,0.00
20091020,-0.71,-0.73,-0.55,0.00
20091021,-0.87,-0.08,-0.54,0.00
20091022,1.03,0.02,0.65,0.00
20091023,-1.23,-0.80,-1.02,0.00
20091026,-1.18,0.01,-1.34,0.00
20091027,-0.52,-0.61,-0.61,0.00
20091028,-2.15,-1.47,-1.34,0.00
20091029,2.17,-0.29,1.69,0.00
20091030,-2.75,-0.05,-1.93,0.00
20091102,0.52,-0.82,-0.30,0.00
20091103,0.46,1.02,0.80,0.00
20091104,0.07,-1.04,-0.53,0.00
20091105,2.04,1.16,0.64,0.00
20091106,0.26,-0.23,-0.49,0.00
20091109,2.17,-0.44,1.34,0.00
20091110,-0.04,-0.81,-0.08,0.00
20091111,0.53,0.32,0.31,0.00
20091112,-1.10,-0.87,-0.77,0.00
20091113,0.63,0.35,-0.04,0.00
20091116,1.56,1.30,0.17,0.00
20091117,0.14,-0.19,-0.07,0.00
20091118,-0.14,-0.46,0.45,0.00
20091119,-1.38,-0.76,-0.62,0.00
20091120,-0.33,0.22,-0.44,0.00
20091123,1.30,0.41,-0.10,0.00
20091124,-0.07,-0.11,-0.50,0.00
20091125,0.48,-0.44,0.12,0.00
20091127,-1.74,-0.54,-0.81,0.00
20091130,0.25,-0.37,0.74,0.00
20091201,1.30,0.61,-0.28,0.00
20091202,0.20,1.05,-0.36,0.00
20091203,-0.86,-0.27,-0.33,0.00
20091204,0.70,1.56,0.77,0.00
20091207,-0.14,0.52,-0.26,0.00
20091208,-0.98,0.06,-0.14,0.00
20091209,0.33,-0.19,-0.02,0.00
20091210,0.50,-0.98,-0.10,0.00
20091211,0.44,0.27,0.49,0.00
20091214,0.78,0.62,0.33,0.00
20091215,-0.46,0.27,-0.59,0.00
20091216,0.18,0.43,0.71,0.00
20091217,-1.16,0.23,-0.34,0.00
20091218,0.67,0.24,0.19,0.00
20091221,1.02,0.18,0.29,0.00
20091222,0.43,0.59,-0.10,0.00
20091223,0.38,0.90,-0.39,0.00
20091224,0.50,-0.09,0.19,0.00
20091228,0.09,-0.10,-0.29,0.00
20091229,-0.09,0.11,-0.09,0.00
20091230,-0.01,-0.04,-0.10,0.00
20091231,-1.01,-0.21,0.39,0.00
